{"count":1,"self":22.084014399999997,"total":22.2216465,"children":{"InitializeActuators":{"count":1,"self":0.00099779999999999986,"total":0.00099779999999999986,"children":null},"InitializeSensors":{"count":1,"self":0.0019944999999999997,"total":0.0019944999999999997,"children":null},"AgentSendState":{"count":850,"self":0.0089757,"total":0.021940599999999998,"children":{"CollectObservations":{"count":33,"self":0,"total":0,"children":null},"WriteActionMask":{"count":33,"self":0.00099739999999999985,"total":0.00099739999999999985,"children":null},"RequestDecision":{"count":33,"self":0.011967499999999999,"total":0.011967499999999999,"children":null}}},"DecideAction":{"count":850,"self":0.1077134,"total":0.1087098,"children":{"RayPerceptionSensor.Perceive":{"count":33,"self":0.0009964,"total":0.0009964,"children":null}}},"AgentAct":{"count":850,"self":0.0029920999999999997,"total":0.0029920999999999997,"children":null}},"gauges":{"My Behavior.CumulativeReward":{"count":1,"max":184.94,"min":184.94,"runningAverage":184.94,"value":184.94,"weightedAverage":184.94}},"metadata":{"timer_format_version":"0.1.0","start_time_seconds":"1705680606","unity_version":"2022.3.12f1","command_line_arguments":"H:\\Unity Editor\\2022.3.12f1\\Editor\\Unity.exe -projectpath G:\\labirynth\\Projekt Inzynierski -useHub -hubIPC -cloudEnvironment production -licensingIpc LicenseClient-Lukasz -hubSessionId 96092ad6-8c1f-4083-9dcd-698e644fae80 -accessToken 7I1N2ljQQW23KbgRRwULfUbJA9wvciqziqedPQW30EY007f","communication_protocol_version":"1.5.0","com.unity.ml-agents_version":"2.0.1","scene_name":"PlayerVsDFS","end_time_seconds":"1705680628"}}